{
    "star": {
        "time": 0.0,
        "snapshot_number": 0,
        "m": 1.28,
        "x": 0.0023441657920038233,
        "y": 0.0010543623982904587,
        "z": 4.3417557403530806e-07,
        "vx": -0.0015617016981487415,
        "vy": 0.0035650411031370242,
        "vz": -1.760118010307028e-07
    },
    "GP": {
        "time": 0.0,
        "snapshot_number": 0,
        "m": 0.0012030354,
        "x": -2.5130166539329744,
        "y": -1.0817355023119406,
        "z": -0.0004619536797526964,
        "vx": 1.6606257149900148,
        "vy": -3.7935827100521187,
        "vz": 0.00018727258727013234
    },
    "MP_0": {
        "time": 0.0,
        "snapshot_number": 0,
        "m": 6.015177e-07,
        "x": 4.898550333623457,
        "y": -45.21367033636109,
        "z": -1.6773167789738985e-06,
        "vx": 1.0463866006598446,
        "vy": 0.11704537766662337,
        "vz": -2.0173060694700692e-07
    },
    "MP_1": {
        "time": 0.0,
        "snapshot_number": 0,
        "m": 6.015177e-07,
        "x": -0.5805403834817418,
        "y": -45.21787158453383,
        "z": 6.810259408832876e-07,
        "vx": 1.0554092616342765,
        "vy": -0.010058317396827306,
        "vz": -1.81939895302497e-07
    },
    "MP_2": {
        "time": 0.0,
        "snapshot_number": 0,
        "m": 6.015177e-07,
        "x": 24.24555820550851,
        "y": -35.36446395449346,
        "z": 1.5571449740668288e-06,
        "vx": 0.8938406622868607,
        "vy": 0.617365711272123,
        "vz": -1.8351333221917e-07
    },
    "MP_3": {
        "time": 0.0,
        "snapshot_number": 0,
        "m": 6.015177e-07,
        "x": 9.200543700115265,
        "y": 45.6358258944154,
        "z": 2.589739042571282e-06,
        "vx": -1.022872718808601,
        "vy": 0.2094202583164457,
        "vz": -1.7529848796526403e-07
    },
    "TP_0": {
        "time": 0.0,
        "snapshot_number": 0,
        "m": 0.0,
        "x": -25.319134092687392,
        "y": -22.52764318366439,
        "z": 3.969445512845097e-07,
        "vx": 0.8100589615164331,
        "vy": -0.908665610778576,
        "vz": -1.730325769005533e-07
    },
    "TP_1": {
        "time": 0.0,
        "snapshot_number": 0,
        "m": 0.0,
        "x": -40.60199499811893,
        "y": 28.04975372093462,
        "z": 1.5230245148934402e-06,
        "vx": -0.576677535128449,
        "vy": -0.8289960333770525,
        "vz": -1.7092076868688327e-07
    },
    "TP_2": {
        "time": 0.0,
        "snapshot_number": 0,
        "m": 0.0,
        "x": -31.928957153201132,
        "y": 23.276669922527752,
        "z": -2.2720330128499591e-07,
        "vx": -0.667678714778719,
        "vy": -0.9102650205022024,
        "vz": -2.1823339730633106e-07
    },
    "TP_3": {
        "time": 0.0,
        "snapshot_number": 0,
        "m": 0.0,
        "x": -25.800261285208414,
        "y": 25.45880450411993,
        "z": 1.367546179093113e-06,
        "vx": -0.8308023630715811,
        "vy": -0.8369133246910655,
        "vz": -1.265680896727719e-07
    },
    "TP_4": {
        "time": 0.0,
        "snapshot_number": 0,
        "m": 0.0,
        "x": 21.8026281343158,
        "y": 24.501330305215163,
        "z": 4.3699208811203726e-07,
        "vx": -0.928893567109166,
        "vy": 0.8287015451743173,
        "vz": -1.7655977888279352e-07
    },
    "TP_5": {
        "time": 0.0,
        "snapshot_number": 0,
        "m": 0.0,
        "x": 44.14744255260338,
        "y": -11.483810100099829,
        "z": -8.76763363261917e-07,
        "vx": 0.2634371745492119,
        "vy": 1.0221643964783056,
        "vz": -1.5546551338696529e-07
    },
    "TP_6": {
        "time": 0.0,
        "snapshot_number": 0,
        "m": 0.0,
        "x": 24.495704580118367,
        "y": -30.888529859312662,
        "z": 2.174744151758311e-06,
        "vx": 0.8855545806641164,
        "vy": 0.706991012180386,
        "vz": -1.9334449223262757e-07
    },
    "TP_7": {
        "time": 0.0,
        "snapshot_number": 0,
        "m": 0.0,
        "x": 14.886456780037403,
        "y": 32.866809120303024,
        "z": -5.175894279821331e-07,
        "vx": -1.0796104722135569,
        "vy": 0.4917874400153748,
        "vz": -1.713097840602062e-07
    },
    "TP_8": {
        "time": 0.0,
        "snapshot_number": 0,
        "m": 0.0,
        "x": 12.548002727365532,
        "y": -32.328879299737494,
        "z": 9.097219606178648e-07,
        "vx": 1.1237831950430621,
        "vy": 0.44025630647527286,
        "vz": -1.635015080269161e-07
    },
    "TP_9": {
        "time": 0.0,
        "snapshot_number": 0,
        "m": 0.0,
        "x": -44.37820111285753,
        "y": -10.808788319831326,
        "z": 1.2556371001943072e-06,
        "vx": 0.24734436261117115,
        "vy": -1.0183321321105967,
        "vz": -1.9401081402158729e-07
    }
}