{
    "star": {
        "time": 326.53061224489795,
        "snapshot_number": 9,
        "m": 1.28,
        "x": -0.00044279873822173266,
        "y": 0.0023582966243623276,
        "z": -7.69953316348586e-09,
        "vx": -0.004030438750977047,
        "vy": -0.0009814095742846935,
        "vz": -7.212593018688519e-07
    },
    "GP": {
        "time": 326.53061224489795,
        "snapshot_number": 9,
        "m": 0.0012030354,
        "x": 0.43221810241717423,
        "y": -2.5364851900344365,
        "z": 8.206378641532698e-06,
        "vx": 4.288949934916442,
        "vy": 1.0432337674724295,
        "vz": 0.0007674021889750208
    },
    "MP_0": {
        "time": 326.53061224489795,
        "snapshot_number": 9,
        "m": 6.015177e-07,
        "x": 44.760013840638415,
        "y": -6.077314304738403,
        "z": -8.826497958802757e-06,
        "vx": 0.1381766339376785,
        "vy": 1.0504484821365183,
        "vz": -6.58584936046076e-09
    },
    "MP_1": {
        "time": 326.53061224489795,
        "snapshot_number": 9,
        "m": 6.015177e-07,
        "x": 44.150262659761545,
        "y": -8.560084468753962,
        "z": -7.543316940177931e-06,
        "vx": 0.19769928964085165,
        "vy": 1.0433354073149075,
        "vz": -4.4316986173279186e-08
    },
    "MP_2": {
        "time": 326.53061224489795,
        "snapshot_number": 9,
        "m": 6.015177e-07,
        "x": 22.259232926991675,
        "y": 36.51764609239425,
        "z": -7.0813532354831005e-06,
        "vx": -0.9289563891951989,
        "vy": 0.5685249564915535,
        "vz": 4.205240883146245e-08
    },
    "MP_3": {
        "time": 326.53061224489795,
        "snapshot_number": 9,
        "m": 6.015177e-07,
        "x": -33.351837236679984,
        "y": 32.751222384911685,
        "z": -5.0792669564389755e-06,
        "vx": -0.7319001318767306,
        "vy": -0.7386707889137483,
        "vz": -1.4572907424904936e-07
    },
    "TP_0": {
        "time": 326.53061224489795,
        "snapshot_number": 9,
        "m": 0.0,
        "x": -33.7889191867899,
        "y": -2.1992248957267706,
        "z": 3.2844824199959912e-06,
        "vx": 0.07477373540770765,
        "vy": -1.2161108234669205,
        "vz": -1.374667929548736e-07
    },
    "TP_1": {
        "time": 326.53061224489795,
        "snapshot_number": 9,
        "m": 0.0,
        "x": -48.883196302702764,
        "y": 7.084359177170462,
        "z": -2.3335143574482287e-06,
        "vx": -0.14536541861107688,
        "vy": -0.9983926992073832,
        "vz": -1.6914486984964562e-07
    },
    "TP_2": {
        "time": 326.53061224489795,
        "snapshot_number": 9,
        "m": 0.0,
        "x": 31.070144749925205,
        "y": -23.846497353335867,
        "z": -9.530410323594332e-08,
        "vx": 0.690681620677296,
        "vy": 0.9055217034591809,
        "vz": 2.2426938664437963e-07
    },
    "TP_3": {
        "time": 326.53061224489795,
        "snapshot_number": 9,
        "m": 0.0,
        "x": 31.732325052869964,
        "y": 16.96925755591848,
        "z": 3.390908920626423e-06,
        "vx": -0.5576972046843085,
        "vy": 1.0487716059210708,
        "vz": 8.878460317499323e-08
    },
    "TP_4": {
        "time": 326.53061224489795,
        "snapshot_number": 9,
        "m": 0.0,
        "x": 27.981241107076873,
        "y": 17.09929761598218,
        "z": 1.887782738156753e-06,
        "vx": -0.6493975966355439,
        "vy": 1.0622342166129692,
        "vz": -1.5343554906361136e-07
    },
    "TP_5": {
        "time": 326.53061224489795,
        "snapshot_number": 9,
        "m": 0.0,
        "x": 26.310527713483005,
        "y": 37.311478609756605,
        "z": -6.508448111701014e-06,
        "vx": -0.8596776491541196,
        "vy": 0.6109037949426511,
        "vz": -3.357010303581407e-08
    },
    "TP_6": {
        "time": 326.53061224489795,
        "snapshot_number": 9,
        "m": 0.0,
        "x": -23.243881531711345,
        "y": 31.9118139296786,
        "z": -2.2670508976188735e-06,
        "vx": -0.9167704833185685,
        "vy": -0.6631837737088618,
        "vz": 1.8749394177120314e-07
    },
    "TP_7": {
        "time": 326.53061224489795,
        "snapshot_number": 9,
        "m": 0.0,
        "x": 25.647912129979392,
        "y": -25.549940545930752,
        "z": 4.901429962141629e-06,
        "vx": 0.830674338600929,
        "vy": 0.8414096442103632,
        "vz": 4.740506162646136e-08
    },
    "TP_8": {
        "time": 326.53061224489795,
        "snapshot_number": 9,
        "m": 0.0,
        "x": -24.8827895640014,
        "y": -24.26062442986015,
        "z": 4.504044379993117e-06,
        "vx": 0.8408779282728881,
        "vy": -0.8622323346753051,
        "vz": -4.284178847187743e-08
    },
    "TP_9": {
        "time": 326.53061224489795,
        "snapshot_number": 9,
        "m": 0.0,
        "x": -0.7145457127544704,
        "y": -45.41420875116365,
        "z": -7.961826450132499e-06,
        "vx": 1.0538363835977185,
        "vy": -0.008293931128745284,
        "vz": -7.643517839299406e-08
    }
}