{
    "star": {
        "time": 997.9959919839678,
        "snapshot_number": 499,
        "m": 1.28,
        "x": -12.625809305995512,
        "y": -5.536213424573143,
        "z": -1.6749753731347466e-06,
        "vx": -0.015264077964004079,
        "vy": 0.011283362654591633,
        "vz": 4.225978506238562e-07
    },
    "GP": {
        "time": 997.9959919839678,
        "snapshot_number": 499,
        "m": 0.0012030354,
        "x": -12.86672073017532,
        "y": -8.192783231681414,
        "z": -0.0003889357139726118,
        "vx": 4.203284239648284,
        "vy": -0.5950735407304216,
        "vz": -0.0004466598555016374
    },
    "DP_0": {
        "time": 997.9959919839678,
        "snapshot_number": 499,
        "m": 0.012030354,
        "x": -29.877122863339928,
        "y": -19.780525394116133,
        "z": -4.047539167205144e-06,
        "vx": -0.10064367560781701,
        "vy": -1.4249763283538535,
        "vz": -9.077066742014151e-07
    },
    "TP_3": {
        "time": 997.9959919839678,
        "snapshot_number": 499,
        "m": 0.0,
        "x": 37.09490236467866,
        "y": 1.1978472742547108,
        "z": -8.546588792279231e-08,
        "vx": -0.19141684545445187,
        "vy": 0.8678019299418269,
        "vz": 2.5899821031677e-08
    },
    "TP_6": {
        "time": 997.9959919839678,
        "snapshot_number": 499,
        "m": 0.0,
        "x": 11.01287570131272,
        "y": 16.668355249500213,
        "z": -1.8105148311761862e-05,
        "vx": -0.7746595971227512,
        "vy": 0.3769352853801549,
        "vz": 4.075361995956899e-07
    },
    "TP_7": {
        "time": 997.9959919839678,
        "snapshot_number": 499,
        "m": 0.0,
        "x": 5.433937224806559,
        "y": 15.897941291487719,
        "z": -8.151548717840024e-06,
        "vx": -1.175977947470384,
        "vy": 0.7777891558366123,
        "vz": -9.701207579041362e-08
    },
    "TP_12": {
        "time": 997.9959919839678,
        "snapshot_number": 499,
        "m": 0.0,
        "x": 17.654206190556366,
        "y": -14.397514231844102,
        "z": 3.5784683485953376e-05,
        "vx": -0.4032229972663094,
        "vy": 0.8707120415886053,
        "vz": -1.116675347831437e-06
    },
    "TP_17": {
        "time": 997.9959919839678,
        "snapshot_number": 499,
        "m": 0.0,
        "x": 19.787811722012226,
        "y": 19.942686946842606,
        "z": -1.5624803936314074e-05,
        "vx": -0.6573804147862095,
        "vy": 0.7949834387539136,
        "vz": -3.846982941238981e-08
    },
    "TP_19": {
        "time": 997.9959919839678,
        "snapshot_number": 499,
        "m": 0.0,
        "x": 7.216565259177393,
        "y": -1.055061542181413,
        "z": -1.8722441758846823e-05,
        "vx": 0.45166520462721194,
        "vy": 1.3919409593858867,
        "vz": -1.751361943148949e-06
    },
    "TP_20": {
        "time": 997.9959919839678,
        "snapshot_number": 499,
        "m": 0.0,
        "x": -3.7562876460468164,
        "y": -34.023427879095834,
        "z": -2.1895197298522585e-05,
        "vx": 0.7213499610978306,
        "vy": -0.21603688189879566,
        "vz": -4.576256289277472e-06
    },
    "TP_24": {
        "time": 997.9959919839678,
        "snapshot_number": 499,
        "m": 0.0,
        "x": -10.538009174462157,
        "y": 29.078265342501567,
        "z": -9.135063647282162e-06,
        "vx": -1.1952360028823776,
        "vy": 0.13259592044512034,
        "vz": 6.897652483745444e-08
    },
    "TP_25": {
        "time": 997.9959919839678,
        "snapshot_number": 499,
        "m": 0.0,
        "x": 18.578092641276648,
        "y": -39.134184598055796,
        "z": -8.065309949986648e-06,
        "vx": 0.6258972250494126,
        "vy": 0.42005384968374243,
        "vz": -1.648523390720407e-07
    },
    "TP_36": {
        "time": 997.9959919839678,
        "snapshot_number": 499,
        "m": 0.0,
        "x": -21.552734887107306,
        "y": -38.87640375211557,
        "z": 5.120029355878826e-06,
        "vx": 0.9294666014274598,
        "vy": -0.3260404327819304,
        "vz": -8.643588497090086e-07
    },
    "TP_42": {
        "time": 997.9959919839678,
        "snapshot_number": 499,
        "m": 0.0,
        "x": -14.58746249883235,
        "y": -34.60234180890439,
        "z": -4.058383971056963e-05,
        "vx": 0.6084212655404455,
        "vy": 0.526706451386515,
        "vz": -2.923310250569271e-06
    },
    "TP_52": {
        "time": 997.9959919839678,
        "snapshot_number": 499,
        "m": 0.0,
        "x": 16.989192859435647,
        "y": -21.86933923347447,
        "z": 1.0692913176140153e-06,
        "vx": 1.0006728826342868,
        "vy": 0.8453504896156009,
        "vz": 2.1105493933563847e-07
    },
    "TP_62": {
        "time": 997.9959919839678,
        "snapshot_number": 499,
        "m": 0.0,
        "x": -6.5010697763653615,
        "y": -19.67487613161612,
        "z": -5.610355859334961e-05,
        "vx": 0.9720966676301562,
        "vy": 1.4306574849195228,
        "vz": 9.361438357886199e-07
    },
    "TP_69": {
        "time": 997.9959919839678,
        "snapshot_number": 499,
        "m": 0.0,
        "x": -21.58595960096739,
        "y": 3.0926949314389853,
        "z": -4.026631857621929e-06,
        "vx": -1.1081549645560833,
        "vy": -2.0668427968464975,
        "vz": 1.1340215520794349e-06
    },
    "TP_74": {
        "time": 997.9959919839678,
        "snapshot_number": 499,
        "m": 0.0,
        "x": -31.248809268028097,
        "y": -27.26749302079173,
        "z": 2.8728955041764737e-05,
        "vx": 0.2419932533065754,
        "vy": -1.0710504122533226,
        "vz": -1.6573829619567279e-06
    },
    "TP_75": {
        "time": 997.9959919839678,
        "snapshot_number": 499,
        "m": 0.0,
        "x": 9.022337391684264,
        "y": -35.95133155472649,
        "z": -1.678098584298928e-05,
        "vx": 0.8933557143672514,
        "vy": 0.39071247151993815,
        "vz": -2.6266590721314108e-06
    },
    "TP_79": {
        "time": 997.9959919839678,
        "snapshot_number": 499,
        "m": 0.0,
        "x": -6.678891006947559,
        "y": -23.62503144459787,
        "z": -8.731929589843794e-07,
        "vx": 1.7191691417539574,
        "vy": -0.052274574498867424,
        "vz": -3.7955110893451136e-07
    },
    "TP_81": {
        "time": 997.9959919839678,
        "snapshot_number": 499,
        "m": 0.0,
        "x": -10.727681319169925,
        "y": -29.139554694402783,
        "z": 0.0003555717621979053,
        "vx": 0.6449385376470002,
        "vy": -1.3289282672620188,
        "vz": -6.724970271934859e-06
    },
    "TP_97": {
        "time": 997.9959919839678,
        "snapshot_number": 499,
        "m": 0.0,
        "x": -32.21390737737717,
        "y": -5.568966589302525,
        "z": 1.1951578040343369e-05,
        "vx": 0.4920172388946197,
        "vy": -1.40694559445604,
        "vz": 2.2648370175796465e-08
    }
}