{
    "star": {
        "time": 997.9959919839678,
        "snapshot_number": 499,
        "m": 1.28,
        "x": 11.006127959056867,
        "y": -0.08316596952819338,
        "z": 7.636812193363383e-07,
        "vx": 0.027083289505158422,
        "vy": 0.006033859419535398,
        "vz": 6.450800902277865e-07
    },
    "GP": {
        "time": 997.9959919839678,
        "snapshot_number": 499,
        "m": 0.0012030354,
        "x": 8.692780561435251,
        "y": 1.089182545907453,
        "z": -0.0002226598588125753,
        "vx": -2.2226526942259555,
        "vy": -3.7605793026553624,
        "vz": -0.0006900443065067383
    },
    "DP_3": {
        "time": 997.9959919839678,
        "snapshot_number": 499,
        "m": 0.012030354,
        "x": 19.62640095736408,
        "y": 28.43678985936686,
        "z": 1.1266055970650132e-05,
        "vx": -1.0898344052526998,
        "vy": -0.33318452446360186,
        "vz": 4.283998115483903e-07
    },
    "TP_1": {
        "time": 997.9959919839678,
        "snapshot_number": 499,
        "m": 0.0,
        "x": -6.126005665947119,
        "y": 22.48411517242504,
        "z": -5.013210284815615e-06,
        "vx": -0.4400851776333601,
        "vy": -1.1484394624759453,
        "vz": 7.176609278940338e-08
    },
    "TP_2": {
        "time": 997.9959919839678,
        "snapshot_number": 499,
        "m": 0.0,
        "x": 43.03319307160189,
        "y": 2.003409888657338,
        "z": 3.4291284220958573e-06,
        "vx": 0.026843658089463464,
        "vy": 1.3180416533206092,
        "vz": 1.9777764807453681e-07
    },
    "TP_8": {
        "time": 997.9959919839678,
        "snapshot_number": 499,
        "m": 0.0,
        "x": 32.903238847207085,
        "y": -6.965722264712556,
        "z": 1.2073350344172758e-05,
        "vx": 1.2225272069793593,
        "vy": 0.9350048233607325,
        "vz": -7.466786337721777e-07
    },
    "TP_10": {
        "time": 997.9959919839678,
        "snapshot_number": 499,
        "m": 0.0,
        "x": 18.917805061689904,
        "y": -9.592537752032511,
        "z": -1.0653119703695877e-05,
        "vx": 0.7756528780330697,
        "vy": 2.126980961936247,
        "vz": 1.4375183576478658e-06
    },
    "TP_11": {
        "time": 997.9959919839678,
        "snapshot_number": 499,
        "m": 0.0,
        "x": 22.734246731501337,
        "y": 27.365905259985727,
        "z": 3.2574871418212505e-06,
        "vx": -0.44539653733484513,
        "vy": 1.1460093853937714,
        "vz": 1.4544150487807483e-06
    },
    "TP_13": {
        "time": 997.9959919839678,
        "snapshot_number": 499,
        "m": 0.0,
        "x": 33.61312789303609,
        "y": -19.208408382952467,
        "z": -8.45294571815007e-07,
        "vx": 0.9562228640798692,
        "vy": 1.079048662765035,
        "vz": 1.798709051535272e-07
    },
    "TP_14": {
        "time": 997.9959919839678,
        "snapshot_number": 499,
        "m": 0.0,
        "x": -12.332059806411326,
        "y": 12.9574062551354,
        "z": 3.3458868352262584e-06,
        "vx": -0.7279874834210635,
        "vy": -1.2971209039526566,
        "vz": 2.567169527337371e-07
    },
    "TP_20": {
        "time": 997.9959919839678,
        "snapshot_number": 499,
        "m": 0.0,
        "x": 2.278328475425127,
        "y": 37.56543645305445,
        "z": -4.334231239227532e-06,
        "vx": -0.9733023956791128,
        "vy": -0.35161857213676356,
        "vz": 1.7879420070869554e-07
    },
    "TP_23": {
        "time": 997.9959919839678,
        "snapshot_number": 499,
        "m": 0.0,
        "x": -29.364948196383466,
        "y": -6.615534970395483,
        "z": 7.118532296677767e-06,
        "vx": 0.06590455441386853,
        "vy": -1.0985249059873012,
        "vz": 2.636988436918171e-07
    },
    "TP_26": {
        "time": 997.9959919839678,
        "snapshot_number": 499,
        "m": 0.0,
        "x": 43.42622966472733,
        "y": -8.025757684924908,
        "z": -3.419301689127495e-07,
        "vx": 0.3261005132709125,
        "vy": 1.2500315233622052,
        "vz": 1.7287423832369005e-07
    },
    "TP_27": {
        "time": 997.9959919839678,
        "snapshot_number": 499,
        "m": 0.0,
        "x": 34.39839193341195,
        "y": 18.046524232024467,
        "z": 2.7294682192208156e-05,
        "vx": -0.4189772347522428,
        "vy": 0.881937530435774,
        "vz": 9.104180944939726e-07
    },
    "TP_29": {
        "time": 997.9959919839678,
        "snapshot_number": 499,
        "m": 0.0,
        "x": 38.03930818768093,
        "y": -14.65983379977361,
        "z": -2.9152135848303665e-06,
        "vx": 0.6909468152928806,
        "vy": 1.2066556468576952,
        "vz": 1.613813601901811e-07
    },
    "TP_33": {
        "time": 997.9959919839678,
        "snapshot_number": 499,
        "m": 0.0,
        "x": 37.94045763970932,
        "y": -16.279711650944588,
        "z": 3.8009622171431606e-06,
        "vx": 0.6799841481110356,
        "vy": 1.2250464840367739,
        "vz": 3.573446054751875e-08
    },
    "TP_39": {
        "time": 997.9959919839678,
        "snapshot_number": 499,
        "m": 0.0,
        "x": 4.842889896680091,
        "y": 3.0519041469457604,
        "z": 1.4339988768670237e-05,
        "vx": 0.45665403775250707,
        "vy": -3.371374245312576,
        "vz": -1.161132326580039e-05
    },
    "TP_40": {
        "time": 997.9959919839678,
        "snapshot_number": 499,
        "m": 0.0,
        "x": 33.84682152710376,
        "y": -3.912774106359611,
        "z": -1.0032050184197724e-05,
        "vx": 0.11985308713675061,
        "vy": 1.4233027575670334,
        "vz": -1.1371584481189193e-06
    },
    "TP_41": {
        "time": 997.9959919839678,
        "snapshot_number": 499,
        "m": 0.0,
        "x": -6.592245464999852,
        "y": 1.7546405576274926,
        "z": -4.9192449001570624e-05,
        "vx": -1.083219179896223,
        "vy": -1.2001338694662487,
        "vz": -5.27252710354447e-06
    },
    "TP_43": {
        "time": 997.9959919839678,
        "snapshot_number": 499,
        "m": 0.0,
        "x": 44.85615295089318,
        "y": 17.102171452607518,
        "z": 7.124799303885071e-06,
        "vx": -0.5310619928185032,
        "vy": 1.0318284861028701,
        "vz": 8.636951472475952e-08
    },
    "TP_45": {
        "time": 997.9959919839678,
        "snapshot_number": 499,
        "m": 0.0,
        "x": -27.415429840951703,
        "y": -24.04180523429419,
        "z": 1.0958249374168519e-05,
        "vx": 0.6610906081250152,
        "vy": -0.5731058323088096,
        "vz": -2.166890827535973e-07
    },
    "TP_50": {
        "time": 997.9959919839678,
        "snapshot_number": 499,
        "m": 0.0,
        "x": -2.300212425275067,
        "y": 33.07987643045029,
        "z": 1.4423915391365355e-05,
        "vx": -0.4054905002689522,
        "vy": -0.7437207827868282,
        "vz": 2.1547121177484894e-07
    },
    "TP_51": {
        "time": 997.9959919839678,
        "snapshot_number": 499,
        "m": 0.0,
        "x": -1.1159961210219453,
        "y": 20.501541284871063,
        "z": 5.814868867798316e-05,
        "vx": -0.30785213046099097,
        "vy": -1.2332677671914656,
        "vz": -3.878421225369243e-07
    },
    "TP_55": {
        "time": 997.9959919839678,
        "snapshot_number": 499,
        "m": 0.0,
        "x": 47.645827253771394,
        "y": 12.343295473589285,
        "z": 6.965141462642234e-06,
        "vx": -0.40545712904052694,
        "vy": 1.071316655776032,
        "vz": 6.242551554060222e-08
    },
    "TP_57": {
        "time": 997.9959919839678,
        "snapshot_number": 499,
        "m": 0.0,
        "x": 14.414021174078233,
        "y": -35.92631765946166,
        "z": 1.12237114546304e-05,
        "vx": 1.2615467990310592,
        "vy": 0.1972712432400919,
        "vz": -8.18559810505426e-08
    },
    "TP_58": {
        "time": 997.9959919839678,
        "snapshot_number": 499,
        "m": 0.0,