{
    "star": {
        "time": 979.5918367346939,
        "snapshot_number": 49,
        "m": 1.28,
        "x": 0.0005653914750435014,
        "y": -0.0022987506487965803,
        "z": 3.0262955501813565e-08,
        "vx": 0.004173048771622707,
        "vy": 0.0006510198637624003,
        "vz": 7.371852474047378e-07
    },
    "GP": {
        "time": 979.5918367346939,
        "snapshot_number": 49,
        "m": 0.0012030354,
        "x": -0.5603313927542376,
        "y": 2.464191869295015,
        "z": -3.2205864638155684e-05,
        "vx": -4.440457951335064,
        "vy": -0.6917324859197994,
        "vz": -0.0007843470181418892
    },
    "MP_0": {
        "time": 979.5918367346939,
        "snapshot_number": 49,
        "m": 6.015177e-07,
        "x": -34.278287206063304,
        "y": -28.411809355496903,
        "z": 6.773384316089808e-06,
        "vx": 0.6790020639874832,
        "vy": -0.8190052687295595,
        "vz": -7.801264686291706e-09
    },
    "MP_1": {
        "time": 979.5918367346939,
        "snapshot_number": 49,
        "m": 6.015177e-07,
        "x": 10.964103294515892,
        "y": 36.06857284989304,
        "z": 7.468388893483893e-06,
        "vx": -1.107187441904092,
        "vy": 0.34323206609943296,
        "vz": -1.0025987447557672e-08
    },
    "MP_2": {
        "time": 979.5918367346939,
        "snapshot_number": 49,
        "m": 6.015177e-07,
        "x": 21.55261493730847,
        "y": 28.544005213876435,
        "z": -3.5883074896079913e-06,
        "vx": -0.9486133373759306,
        "vy": 0.7210494485521887,
        "vz": -9.535468806246443e-08
    },
    "MP_3": {
        "time": 979.5918367346939,
        "snapshot_number": 49,
        "m": 6.015177e-07,
        "x": -31.98811022680031,
        "y": 3.2696205653558357,
        "z": -3.021105913486505e-06,
        "vx": -0.12751097037953368,
        "vy": -1.2451040739240196,
        "vz": -1.5477238514260226e-07
    }
}